epcho,train_loss_list_cnn_ReLu_mult1000,valid_loss_list_cnn_ReLu_mult1000,train_loss_list_cnn_tanh_mult1000,valid_loss_list_cnn_tanh_mult1000,train_loss_list_dnn_ReLu_mult1000,valid_loss_list_dnn_ReLu_mult1000,train_loss_list_dnn_Tanh_mult1000,valid_loss_list_dnn_Tanh_mult1000
0,57.93724292438598,27.167974340338862,16.7445192421456,15.32888965260598,16.442763769338207,16.215606562552914,16.027096182017797,15.399559881658323
1,19.92221972754886,16.818946317559288,15.094931132250254,14.951930831997625,16.035754796898654,15.92368868389918,15.197195912591152,15.05362430226899
2,16.49272896259302,16.393832261523894,14.912622657814813,14.878267527467782,15.827424505034521,15.756205941039706,14.985025556187235,14.937502392117054
3,16.389927624033824,16.389024924607046,14.859135927362066,14.828774702524948,15.702519355522048,15.720155120136276,14.89904867635379,14.892734482043211
4,16.388979868122167,16.388957598997703,14.757839895244087,14.64469541585253,15.5863709327194,15.569313909978636,14.864696572805125,14.841995352218229
5,16.388941383469973,16.388931792349585,14.53668222342047,14.440918536556342,15.503481924233416,15.487609416126244,14.821792562161722,14.825848892571466
6,16.38892131497062,16.388915208799226,14.353172267757117,14.303971517590744,15.413662039434476,15.515944980565578,14.805924169899475,14.82181782804189
7,16.388909065074497,16.388906286128105,14.209042663776104,14.168548202442548,15.331018599681556,15.419721197817594,14.806773476002196,14.810196589678526
8,16.38890183981388,16.38890087844864,13.939167267733042,13.77890056239501,15.255721548812526,15.251698317907511,14.800345878146828,14.815820396066673
9,16.3888979117356,16.388896942859695,13.51423166512001,13.317626735736285,15.178496228350747,15.227599850585383,14.80277426796214,14.806425153848625
10,16.3888952229172,16.3888948699159,13.134085070041397,13.02039711886356,15.11521987812293,15.148638747632504,14.798499531142653,14.81310363798853
11,16.38889308237741,16.388891895692193,12.899648503310258,12.836617808188162,15.05608143915813,15.152363211757715,14.79770893216013,14.815123932015512
12,16.388891632818886,16.38889102445495,12.728076578388292,12.707878580136645,14.989567315956998,15.070845418038868,14.798682614890557,14.836047009955491
13,16.388891354924247,16.388890153217698,12.5915814010847,12.563406309533503,14.926287262970883,15.004772257300155,14.799870610717804,14.815503971711282
14,16.3888901757497,16.38888973262041,12.478773339441227,12.466778257681478,14.876478591993932,14.955524235002457,14.794208173219475,14.808036747478669
15,16.388889665024415,16.388890724028307,12.352401544640383,12.341043926895626,14.802917766745292,14.914841661530158,14.797125747727772,14.81711867475702
16,16.38888957489642,16.38888925193779,12.23838801360539,12.244429980074205,14.763897333684708,14.866936816683701,14.794312826838464,14.802301407701547
17,16.38888946223644,16.38889006308971,12.156371436562509,12.181240764837112,14.715460534658163,14.777914020082644,14.792923319844467,14.808342071069825
18,16.388889642492416,16.388889942919057,12.095778696088782,12.082671220864981,14.659118140116334,14.777816907172241,14.794282461216131,14.815175785653054
19,16.388889589917756,16.388889312023117,12.010993849065516,12.022183682288855,14.625206341846816,14.664163227163016,14.793092069486457,14.804667582915675
20,16.388889597428424,16.3888898227484,11.945976804371082,11.936240273738099,14.57158391243748,14.723403364299767,14.790826052757762,14.805628422407372
21,16.38888957489642,16.38888967253508,11.86252981349225,11.854448010243715,14.537965860067597,14.679724185336982,14.79306252252671,14.802243665701921
22,16.38888957489642,16.388889612449756,11.775369233932466,11.765355064022925,14.491587501740264,14.615799841140547,14.790931070644048,14.802158930368961
23,16.388889552364425,16.388889612449756,11.695141291936798,11.724703764963534,14.486398638015794,14.562517975366886,14.790265400323175,14.806757185367806
24,16.38888947725777,16.388889582407092,11.63051168118874,11.647568955536812,14.437056976490684,14.627405577489444,14.79241483274006,14.804834139443214
25,16.388889492279098,16.38888952232176,11.579129454349317,11.562567023981002,14.406297047952972,14.516487522351166,14.79081132058655,14.814505834252603
26,16.38888941717244,16.38888952232176,11.542488678148198,11.552693247194252,14.378918804258348,14.605410592330077,14.788529122128121,14.808285981416702
27,16.38888946223644,16.38888952232176,11.523908045473359,11.51612995853347,14.346022433000467,14.56655393685064,14.78652514502286,14.807889688639872
28,16.388889447215103,16.388889492279098,11.496194886163838,11.49513422241134,14.346562280890442,14.532063186409014,14.787802461444612,14.803581916156315
29,16.388889454725767,16.38888946223644,11.466089722460074,11.474483105684481,14.3115020567371,14.543010027057703,14.785354093257938,14.801890544232823
30,16.388889454725767,16.38888943219377,11.456872280236453,11.487782346985995,14.301690532104862,14.51916071856695,14.786956467545561,14.797471538786926
31,16.38888943219377,16.38888943219377,11.4358497911223,11.468085956068771,14.258261199199383,14.492392284615386,14.786665816040289,14.803706938701293
32,16.388889424683104,16.38888943219377,11.422046077167314,11.511947869533492,14.26251941255384,14.454758110185784,14.786432850204648,14.805255653036216
33,16.388889424683104,16.388889372108444,11.403556319794829,11.416095804663437,14.251795972907734,14.424902732454001,14.785779080533933,14.801923966696185
34,16.388889409661772,16.388889402151108,11.37183964883368,11.376747696269904,14.222399275299281,14.372445657969482,14.78376848277666,14.79550021430177
35,16.38888941717244,16.388889402151108,11.36962657103375,11.367548918051103,14.210343721412842,14.438747833933562,14.785309164454379,14.797551166867056
36,16.38888941717244,16.388889402151108,11.344392164309898,11.411842995233114,14.189017876502007,14.472422174989216,14.783074181797284,14.798673155206826
37,16.38888941717244,16.388889402151108,11.335101594487506,11.395376370919326,14.168651083544377,14.367932649028877,14.782525279799538,14.807134821650482
38,16.388889409661772,16.388889402151108,11.312490899956996,11.322678862920693,14.165299535248309,14.393840631049487,14.780226054661457,14.796934616301328
39,16.388889409661772,16.388889402151108,11.291327007535484,11.298760516388763,14.135362126023297,14.317917442249676,14.781618156590529,14.799455646425486
40,16.388889409661772,16.388889402151108,11.264715666672396,11.293093944268843,14.123567800608374,14.398849389005091,14.782697818572483,14.809277839958668
41,16.388889402151108,16.388889402151108,11.262422904462342,11.252443982107986,14.122801615045436,14.41124428604399,14.779351786860534,14.792205555544745
42,16.388889402151108,16.388889402151108,11.237096300558937,11.341531655841296,14.094181490250893,14.36775415054252,14.777222126271695,14.799778800337545
43,16.388889402151108,16.388889402151108,11.212478406847485,11.274676905163833,14.081424301219803,14.3841999252477,14.77549576215566,14.798188882489358
44,16.388889402151108,16.388889402151108,11.213380629346975,11.225706867633326,14.07455859495507,14.392610203715103,14.775983579907447,14.790982653897617
45,16.388889402151108,16.388889402151108,11.188472786377515,11.188574360623475,14.083429183360309,14.396010342264367,14.771228265618124,14.798929163765523
46,16.388889402151108,16.388889402151108,11.17067916258689,11.256782923855127,14.065294109675433,14.301676979108203,14.771207832851477,14.777530450373888
47,16.388889402151108,16.388889402151108,11.157844977964077,11.223173249633081,14.042019348351223,14.264314300230435,14.7682883919427,14.792978793622988
48,16.388889402151108,16.388889402151108,11.149973270573442,11.153533468924223,14.028094123087584,14.35990918487791,14.762522908107888,14.777342127936503
49,16.388889394640444,16.388889402151108,11.131596706447102,11.151244758718436,14.02211950476011,14.459855073402005,14.76091923447506,14.765899463166152
50,16.388889402151108,16.388889402151108,11.125260768758675,11.198459944177058,14.008224690182796,14.285469998515422,14.75972371296056,14.75855535376937
51,16.388889402151108,16.388889402151108,11.108819624379038,11.121857295473736,13.985587625704225,14.317882337397146,14.758855303479057,14.77729084510957
52,16.388889394640444,16.388889402151108,11.09540388513837,11.108762509520016,13.970200066274453,14.297576696281471,14.75286719224025,14.771077075913068
53,16.388889402151108,16.388889402151108,11.101705183635556,11.076081228712875,13.978516483949798,14.257164912358407,14.753929241710612,14.770588176625392
54,16.388889402151108,16.388889402151108,11.103440489199373,11.065026640050833,13.947294198817785,14.293030219813508,14.750908113895886,14.767121178128065
55,16.388889402151108,16.388889402151108,11.093039737804043,11.105357203632593,13.960992785981826,14.325476657118529,14.744944168224691,14.749104217175514
56,16.388889402151108,16.388889402151108,11.065640584415487,11.065176567964016,13.960805484995007,14.259455590358666,14.73914579893913,14.754700399334393
57,16.388889402151108,16.388889402151108,11.073917559828729,11.055692279290769,13.948865103415184,14.266196443068406,14.731616743149297,14.74688026393133
58,16.388889402151108,16.388889402151108,11.04896831431336,11.04372024776474,13.959437770198189,14.290178224684732,14.722024026747432,14.737501364922332
59,16.388889394640444,16.388889402151108,11.045106874418355,11.056253280971319,13.919323104463757,14.218021484632645,14.71567923398388,14.733738250910275
60,16.388889394640444,16.388889402151108,11.036776558255715,11.05200934914812,13.900557067245245,14.276373575651837,14.709096897633808,14.725083395117712
61,16.388889402151108,16.388889402151108,11.02668778490155,11.055127176786623,13.903318190827004,14.236963308987118,14.705344651555341,14.707701716331703
62,16.388889394640444,16.388889402151108,11.038968542350394,11.01122422504329,13.905398908161347,14.35103826224804,14.703205963146061,14.72098399854956
63,16.388889402151108,16.388889402151108,11.028740945602618,11.02015885314153,13.88897411825676,14.240889900153684,14.705794750742854,14.725744739295013
64,16.388889394640444,16.388889402151108,11.019320230961085,11.012655487584492,13.861634066298365,14.205049017384168,14.699297453907707,14.721147295448088
65,16.388889116745805,16.388889402151108,11.00712241004071,11.004598631012824,13.890231771755122,14.196807067961462,14.69428921043272,14.70555073671764
66,16.388889079192474,16.388889402151108,10.992608592665244,10.999387355461236,13.873139527746506,14.27552251205329,14.692479519233588,14.707660918394405
67,16.388890536261663,16.38888946223644,11.006858819464764,11.007852897408508,13.866831120404026,14.19906037288808,14.69307298952293,14.698713777526732
68,16.388889109235134,16.388889402151108,10.996374602039014,11.027619858542758,13.864304652557738,14.17940414901222,14.691460457059645,14.715402206826594
69,16.388890626389657,16.388888320615216,10.989050677556905,10.976615572167981,13.84272949860221,14.293510091280746,14.690030651587632,14.698100486590016
70,16.38888893648982,16.388889402151108,10.97792667156506,10.954296471731316,13.836330013169396,14.204450327182007,14.689918104258755,14.707890219025074
71,16.388890536261663,16.388889402151108,10.969995359529651,11.028919969835588,13.83410812535834,14.205451799376357,14.682873216037068,14.704061026174214
72,16.388890401069677,16.388907908431946,10.987138142809272,11.214453862198898,13.797759153549709,14.189866762007437,14.683212784509506,14.699247951108601
73,16.38888943219377,16.388889372108444,10.980759649687716,10.961443170784943,13.81545759842641,14.17718788668994,14.67833628187016,14.71135398793605
74,16.38888886138316,16.388891204710927,10.970220698284047,10.964843594739515,13.828392700111914,14.199190472643222,14.674931235100713,14.688919253286816
75,16.38889144505224,16.388889372108444,10.973443517521504,10.962886225071646,13.794415164738894,14.19488339114093,14.667236321275272,14.68596879332777
76,16.38888925193779,16.38888753950596,10.957648410582014,10.954213118360888,13.778433981051126,14.136622179179422,14.654815497417603,14.671732551388203
77,16.388890874241632,16.388889402151108,10.952825665534023,10.940380319352112,13.76663789062971,14.15942015967542,14.636424899611983,14.645560779758998
78,16.38888919185246,16.388889402151108,10.95050870020303,10.929546409076261,13.772608032600292,14.245256360980772,14.620556710137716,14.655273888380297
79,16.38888986030173,16.388889402151108,10.941907241489858,10.941624611375792,13.780942032744566,14.227127596255272,14.605572984193362,14.622119675961233
80,16.38889070149631,16.388889041639143,10.952397752853653,10.919895669024799,13.777776009162826,14.248728226389616,14.592312929791309,14.60241915417775
81,16.388889019107147,16.388889402151108,10.939140135662692,10.938941951720945,13.742361416769844,14.078414172775323,14.587701129306469,14.617469462175523
82,16.38889095685895,16.38888753950596,10.938270438101984,11.040385737414322,13.756622597875616,14.18873374801009,14.579832493778198,14.609940274949036
83,16.388889131767137,16.388889402151108,10.936537115353971,10.96446100141733,13.734853345780603,14.148624103155829,14.5722440398869,14.59479887759493
84,16.38889073904964,16.388904934208238,10.929794614053062,10.9987533501079,13.75548011668387,14.14955734846092,14.567884105828501,14.58587587600754
85,16.388889552364425,16.388889402151108,10.932410759250484,10.923067753713939,13.72983567641988,14.202528663219946,14.564977988841074,14.610192738473415
86,16.38888903412848,16.388889402151108,10.90614556620318,11.01627325518958,13.716252471861099,14.152361305370446,14.557971359951603,14.593850520830001
87,16.388890123175035,16.38888753950596,10.924674705752441,10.997203118618458,13.734544150441165,14.131117582080824,14.550834631306989,14.577940271626558
88,16.388891031965613,16.388891264796257,10.911637823277664,10.943183585280371,13.71638878293696,14.112009201198816,14.550425247439453,14.571415560860787
89,16.388889169320464,16.388889402151108,10.905641555455663,10.93029633404747,13.716796172722693,14.139325898741522,14.546161273404236,14.572288360326521
90,16.388889266959122,16.388889402151108,10.92188705825397,10.883718789104492,13.699951529082272,14.26887372508645,14.538858596596025,14.576893855607318
91,16.38889111458294,16.388888560956524,10.90830447332513,10.933389541723074,13.70830659288913,14.185911209713067,14.53755287483575,14.559940194651004
92,16.388889266959122,16.388889402151108,10.892735737856597,10.879667580968912,13.677124170616509,14.128054447111584,14.534063175350667,14.570124913007021
93,16.388890476176336,16.388889402151108,10.894266558029958,10.875877323410204,13.693521888325773,14.286755358860377,14.527349578847566,14.560727853207819
94,16.38888910172447,16.38888753950596,10.894597260161273,10.866687963566473,13.692779714361794,14.314465975809481,14.517930231147234,14.53735416514739
95,16.388890784113638,16.388888080273908,10.905315164446591,10.891422404036406,13.687515710180083,14.117909970903588,14.513253117911518,14.52259040407596
96,16.388888928979156,16.38888753950596,10.877471022878684,10.888949757622134,13.69288315876357,14.118536480612333,14.502237524626958,14.53265756548893
97,16.388890784113638,16.388889402151108,10.876645514320943,10.881849834995887,13.674033505301322,14.185358259466387,14.495518843403024,14.518841244881191
98,16.388888793787167,16.38888753950596,10.86960399087759,10.876746067116338,13.677996350452304,14.155809331925647,14.484996854838345,14.5042454072785
99,16.388889604939088,16.388888981553816,10.8687020763154,10.89272658611017,13.669654982344758,14.222218670071133,14.483041633220932,14.52085076861324
100,16.38888983776973,16.388889402151108,10.87228954589415,11.054495740081034,13.660515020150811,14.105459870470145,14.468866028642703,14.488866402497214
101,16.38889111458294,16.38888753950596,10.890709878426165,10.843835530742522,13.653570793629173,14.10555830525775,14.459718345484186,14.472060055742341
102,16.388889116745805,16.388889402151108,10.868911762842007,10.876641578731997,13.630064955401805,14.229382914040357,14.446395393010349,14.467732364972752
103,16.388890551282994,16.388889402151108,10.858977739248544,10.910449143979818,13.634345663200703,14.237549741782487,14.432866558162194,14.4515443112581
104,16.38888983776973,16.388889402151108,10.861895636715476,10.870036774224813,13.631860012068383,14.1365192079496,14.418780642201103,14.444482632942737
105,16.388889004085815,16.388889402151108,10.855256091623056,10.949448862623784,13.634384989047485,14.105259245561978,14.406713886156439,14.430790688962706
106,16.388891099561608,16.3888898227484,10.871008875960063,10.980046564532865,13.607241893036953,14.164529650682402,14.391316739361613,14.458181997460702
107,16.38888921438446,16.388889402151108,10.85752626550534,10.879605798231017,13.63129525505487,14.12030605358943,14.386748782389105,14.424838741580325
108,16.38888898906448,16.388889402151108,10.843863485441092,10.834839360247697,13.617421552959469,14.211920480574332,14.37481417651138,14.413629418178912
109,16.38889158775489,16.388889402151108,10.848753458459772,10.833241886669589,13.616780205930194,14.172418208252038,14.3650317557096,14.395659504037711
110,16.38888904914981,16.38888753950596,10.85314263529595,10.836663325467416,13.590186759228668,14.148812440614547,14.358152087116915,14.387776023678242
111,16.388891062008277,16.388889402151108,10.838382208960192,10.852518266126994,13.617935643020656,14.114575160126533,14.34746667772772,14.39844113924811
112,16.38888919185246,16.388889402151108,10.84146003479198,10.834613319246037,13.599079060969093,14.115028639113712,14.341948737931107,14.361426189181305
113,16.388889266959122,16.388889402151108,10.845121589579408,10.850654239015233,13.58613297117934,14.10756257152365,14.329910601278948,14.361426174159973
114,16.38889102445495,16.388887569548622,10.841495436315814,10.882539524426383,13.575887664281312,14.217942862981749,14.320022126118984,14.3456966466
115,16.388888906447157,16.388889402151108,10.83340207039709,10.808123996661555,13.596321170729015,14.099514337196466,14.310113466044346,14.341510006136472
116,16.38889021330303,16.388889402151108,10.833700386536938,10.816296397317801,13.59017626682837,14.165497850626707,14.301274677798633,14.343037585457486
117,16.38888904914981,16.38888753950596,10.830075562661213,10.852538980543613,13.588516188094454,14.121880799892448,14.288522457073054,14.326100102475575
118,16.388891039476277,16.38888753950596,10.826135839095278,10.808270169241775,13.571166748841923,14.125483516123026,14.284464016166185,14.3173964724185
119,16.38888899657515,16.388889402151108,10.826280562116976,10.815705187738903,13.592131987905068,14.242887031286955,14.273412409238517,14.317855599426453
120,16.388891046986945,16.38888753950596,10.835409866675974,10.813326019072724,13.576491713343609,14.071032990731538,14.268897334864784,14.289624117795498
121,16.388889221895123,16.388889402151108,10.820540689652967,10.833250088316777,13.557847615541709,14.181881061484736,14.25763465193731,14.277612084462758
122,16.38888919185246,16.388890243345692,10.816763357950313,10.837934971336395,13.581297409179951,14.160743463904627,14.250975057122208,14.266840062074124
123,16.38889070900698,16.388889402151108,10.811244569448453,10.814579954791453,13.56707646646687,14.141487633629191,14.243203207790371,14.264631836164382
124,16.38888898906448,16.38889000300438,10.805200860505142,10.786124865614598,13.557023541521161,14.154764027484962,14.231130706086274,14.256599764790266
125,16.388890896773628,16.388889402151108,10.821813664909813,10.818172411452379,13.526380689243876,14.256172678283146,14.224382042283974,14.237306891910492
126,16.38888893648982,16.388889402151108,10.791116243889254,10.778202780432279,13.548582551940795,14.15734404637929,14.217269753346281,14.23309797481183
127,16.38889088926296,16.388889402151108,10.812351660382364,10.804348189624088,13.551198351647585,14.173248136836675,14.193992900301613,14.246628379389163
128,16.388889199363128,16.388889402151108,10.797457409001167,10.82341736482997,13.552391507302321,14.096999721181009,14.181885804470268,14.222475339568431
129,16.388890731538975,16.388889402151108,10.81440398364418,10.791349840620834,13.522589350149275,14.154698819883407,14.157942811688107,14.164114175664803
130,16.38888921438446,16.388889402151108,10.794922315155066,10.852859896277227,13.53102439128223,14.126578030446845,14.13318875335878,14.175953148233315
131,16.38889159526556,16.388890153217698,10.788883585783264,10.816108780883013,13.532916354315898,14.135728034401131,14.116200100209925,14.126366169582452
132,16.388889199363128,16.38888753950596,10.790833872893163,10.79161714522108,13.53616651237732,14.101149394146859,14.094660220096909,14.112352573823545
133,16.388889281980454,16.388889402151108,10.797063557190759,10.785167390901234,13.49563897407103,14.199974706336375,14.080699920023402,14.106491325242866
134,16.38889112960427,16.388889402151108,10.79569473457072,10.774426582840182,13.503080857316814,14.142112430906105,14.067648665889378,14.070226074827293
135,16.388889041639143,16.388889402151108,10.783178393819158,10.78736281863624,13.524332034942363,14.070989714274484,14.056094651741365,14.061424295387923
136,16.388889312023117,16.38896946584986,10.778938589106884,10.776594085919282,13.510659085436455,14.067755786762122,14.029874252305635,14.044969327627651
137,16.388891107072276,16.388889402151108,10.775872160710634,10.750686704751946,13.509281959775235,14.119567815214396,14.016863871215573,14.064309818129386
138,16.38888936459778,16.388889402151108,10.780700854206037,10.800844028351767,13.518260912068428,14.17311013586098,14.004035973020137,14.022095579533808
139,16.38889112960427,16.38888753950596,10.76874062569151,10.773590450445491,13.504806654377571,14.078689183318806,13.98919927587192,14.01134239389531
140,16.38888912425647,16.388889402151108,10.781535210328238,10.765849852994565,13.48563939738538,14.10021317461806,13.977852034112138,13.988173942291928
141,16.388889109235134,16.388891354924247,10.775828719018929,10.741347131589729,13.49340209872612,14.098920528927156,13.964916996267293,13.973511154613188
142,16.388890829177633,16.388889402151108,10.783220254515687,10.786170605570078,13.495349287686327,14.095193946794156,13.95590590583461,13.981450874839098
143,16.38888868112718,16.388889402151108,10.764208415733469,10.81961074904088,13.478299058342895,14.098822815163482,13.945814109437407,13.983657703764976
144,16.388891009433618,16.388889402151108,10.749616145697091,10.753127055302743,13.506230304858859,14.181063495456211,13.936286938617068,13.949488785358207
145,16.388889019107147,16.388889402151108,10.748155835655428,10.735991170569774,13.476249852007436,14.113290145272208,13.924633802455519,13.937414173156984
146,16.388890295920355,16.388889402151108,10.751310270279646,10.81892820976434,13.473444531912046,14.213617635710586,13.924580011066169,13.95899003311511
147,16.388890754070975,16.388889041639143,10.74603758752346,10.755676671021407,13.488838805877153,14.158232077475517,13.914633039084652,13.938099746742555
148,16.3888891392778,16.388889402151108,10.733605790582875,10.758567180845045,13.485926038195048,14.092367608100176,13.90411339384774,13.947093498802955
149,16.388891197200262,16.388889402151108,10.75661057350977,10.759237297480144,13.461298181585247,14.051449244781848,13.897146597775,13.927207403485813
150,16.388889169320464,16.388889402151108,10.739125641843966,10.72692237193546,13.440918770708864,14.096828868552562,13.888841476141206,13.91012048829467
151,16.388889154299132,16.388888891425825,10.735505624794431,10.784258885729697,13.497435645530782,14.152522093706553,13.88093438224807,13.916526966157459
152,16.388890198281697,16.388888801297835,10.725937922665429,10.706701526238072,13.449339012074615,14.262078555240747,13.876228747258505,13.903742145386435
153,16.388891009433618,16.388889402151108,10.719209049467839,10.733085519243632,13.462013377237223,14.061300729912135,13.866007147777465,13.906377532909955
154,16.388889229405795,16.388889402151108,10.721794795244932,10.692418522892458,13.460188075118968,14.100256571245769,13.862532961572851,13.894174052702805
155,16.3888898452804,16.38889249654547,10.717129165817413,10.723554394057683,13.448355708181138,14.16268545172868,13.857341998617255,13.908146054393823
156,16.388889702577746,16.388891204710927,10.714612041239537,10.685157241119493,13.466787171520053,14.141413563441846,13.851022088689911,13.883968259418202
157,16.388890461155004,16.388913436282063,10.705653855937623,10.711699393728086,13.45090006267832,14.142423552731353,13.843384357319483,13.898091826347573
158,16.38888957489642,16.388889402151108,10.703900265657612,10.694927986591093,13.452919789650027,14.147059135739841,13.838475960637293,13.875403952214025
159,16.388889244427126,16.38890054797934,10.722194069756133,10.670198157670038,13.429229970150176,14.059430138478357,13.828145058435057,13.873705054603278
160,16.38888955987509,16.38888868112718,10.69116160543936,10.668210429890502,13.438909855340757,14.07764180593433,13.829130919710282,13.867921451286923
161,16.388891219732262,16.388889402151108,10.681659264880563,10.809770154376183,13.435892925988282,14.167253558914508,13.819022588582047,13.837639572879961
162,16.388889379619112,16.388889402151108,10.690703030465352,10.68563045813672,13.427019412178666,14.146158066127569,13.807299148832117,13.864118665937454
163,16.388890836688297,16.388889402151108,10.689020731426295,10.662862415155095,13.426539942532058,14.143586459179078,13.804863458649525,13.857106257590555
164,16.388889056660474,16.388889402151108,10.67397584612932,10.732678861747827,13.45820210483526,14.080934166427582,13.793179340991042,13.824745396813077
165,16.388891009433618,16.388889402151108,10.67844657002077,10.650509983421333,13.40987147282689,14.080041298462499,13.777117969678534,13.83627422394291
166,16.38888920687379,16.388889402151108,10.66107419694984,10.703955792010792,13.39579008955268,14.072804426353786,13.766557282407678,13.796052534974391
167,16.388890085621707,16.388890904284292,10.676252460407635,10.62975077319049,13.425787242369788,14.198215272758276,13.759533412784577,13.792374396636601
168,16.388889680045747,16.388889402151108,10.648254286347619,10.667862445716896,13.413409210531222,14.048495119617831,13.745406037947584,13.793999884998607
169,16.388890025536377,16.388888951511152,10.6485165137377,10.753804787753088,13.39767702044018,14.149226052987,13.739022783063833,13.763581402599812
170,16.388889064171142,16.388889402151108,10.64957095490348,10.622931989811121,13.406609541796628,14.086660703704242,13.72371350730499,13.770120218396187
171,16.38889063390032,16.388889402151108,10.642796030057776,10.627662192188923,13.421228835209003,14.172413957215126,13.71106244398341,13.745310551096354
172,16.38889063390032,16.388901389173924,10.657043823401533,10.672357489144611,13.400472133540578,14.04983729063984,13.7064705730506,13.749184687772104
173,16.388889469747102,16.388889402151108,10.63852955121547,10.58756106442982,13.391144442251854,14.146338517387067,13.693558037160866,13.743531800085497
174,16.388888696148513,16.3888891618098,10.62027629344694,10.62147148073681,13.412499969314423,14.116393357154823,13.680508345245354,13.73011298898247
175,16.388890280899023,16.388888981553816,10.608072783197127,10.595153371292737,13.391191237455896,14.226741683218748,13.673002700201206,13.731018790314275
176,16.38888968755641,16.38889006308971,10.615615677388927,10.619094324929097,13.377913593074245,14.055268178063056,13.66572524420917,13.696549385185204
177,16.388889957940386,16.388889402151108,10.617456045903026,10.568358725117099,13.391245528304529,14.051496937510468,13.654337159448092,13.695864667815545
178,16.388890476176336,16.38888753950596,10.627386085088215,10.569009854788742,13.41380899952304,14.050605857083875,13.634323119936932,13.68283119893843
179,16.38888917683113,16.388889402151108,10.63548304110525,10.592081839398992,13.39050477385641,14.052723834831868,13.628327948672155,13.664401271530696
180,16.38889085170963,16.388889762663073,10.61556423683801,10.596282059146512,13.363317053224291,14.048154105342205,13.623558480532902,13.658815874688088
181,16.388889019107147,16.3888888313405,10.595215045125974,10.704383479371186,13.381810956484369,14.06226202004379,13.605105904712072,13.663452283869828
182,16.38888967253508,16.388889402151108,10.596073059845835,10.583117318850372,13.384175212723353,14.132008301995455,13.590010788081395,13.65335294676404
183,16.388889920387054,16.388889402151108,10.580289906131165,10.589552111923695,13.37441667208388,14.172333217556439,13.573163399292577,13.66573307783373
184,16.3888908592203,16.388891204710927,10.577537592560533,10.587333100697688,13.37443676687056,14.090653809328233,13.567172847087345,13.624703436489067
185,16.388889199363128,16.388889402151108,10.577535823798708,10.705995358406536,13.364995165067095,14.085289466405106,13.553487827941295,13.62363210008029
186,16.38888912425647,16.38888753950596,10.590768077470843,10.60213842579434,13.358892850397575,14.046306331311502,13.54105123919585,13.600927011500444
187,16.388890904284292,16.38888753950596,10.561846474546098,10.60921201602586,13.361453825998451,14.112189532287658,13.532605134851991,13.584599830210209
188,16.388888981553816,16.38888753950596,10.56871494473589,10.635553408534296,13.397654109153777,14.051286924269892,13.51572127051411,13.593947004166342
189,16.388889957940386,16.388889402151108,10.585704747016631,10.530246662036065,13.372232423975102,14.089428954907962,13.51050815109404,13.560119535653822
190,16.38889091179496,16.388889402151108,10.557407043844222,10.688520817747039,13.366965546963675,14.123529075614869,13.504121291090645,13.576411146430237
191,16.388888951511152,16.3888888313405,10.54958494815735,10.540211182688513,13.342888312294118,14.07644287833283,13.496085085094936,13.56837272103275
192,16.38889025836702,16.388915479183197,10.576188256363235,10.533242276118647,13.355705259938635,14.104398327969735,13.480175294042114,13.58477397251033
193,16.388889852791063,16.388889402151108,10.552303505039985,10.524446715510662,13.358516370757453,14.093551694625807,13.474935286438031,13.533542158022042
194,16.388888868893826,16.388889402151108,10.548416649051491,10.598342835662825,13.352777681223328,14.068225038147743,13.472103667745909,13.512891942575093
195,16.388889777684405,16.38888753950596,10.537688684229169,10.565210013620316,13.371787634828397,14.085231919682796,13.460536866689162,13.505313740742782
196,16.388891092050944,16.388889402151108,10.545689597605698,10.512545779948272,13.361740992554733,14.074246549317914,13.449928449136355,13.506369755393075
197,16.388889221895123,16.388889402151108,10.551966095884,10.509521910740483,13.343490085624639,14.146928029555466,13.439826881362787,13.49466825805364
198,16.388891197200262,16.388893127441406,10.54087145659592,10.532089433963261,13.338915744586098,14.05299279177862,13.429992933637433,13.503773062820397
199,16.388889327044446,16.388889402151108,10.519877812194249,10.565112810581923,13.34529607406547,14.090929030170363,13.41633073189446,13.490667867083703
200,16.38888931953378,16.388889372108444,10.534298771451558,10.49443113527471,13.329904755547403,14.159265725362685,13.413954421036665,13.461477363542203
201,16.38889092681629,16.38888943219377,10.52424818232295,10.588841708076576,13.338325665362419,14.149819470701678,13.401984000548481,13.448419725342143
202,16.3888891618098,16.388889402151108,10.51001846715207,10.511767119169235,13.334784619209746,14.082458335906267,13.39497045058036,13.45455608961563
203,16.38889010064304,16.388889402151108,10.504877915786158,10.617231980206506,13.341993773205868,14.037404900356647,13.386014510967557,13.446216997239858
204,16.388888801297835,16.388891505137565,10.512536793436494,10.55666669121673,13.3320786840012,14.028645120561123,13.370585214767244,13.437236839484784
205,16.388891144625603,16.388889402151108,10.502822945014604,10.660092736924849,13.324563098590701,13.98756461698682,13.36318533116531,13.42084783039266
206,16.38888931953378,16.388889402151108,10.521063566087715,10.775085839052354,13.332812228210031,14.066999988450158,13.350635353896406,13.426930929023412
207,16.388890656432316,16.388889281980454,10.525585140942807,10.509844689119246,13.33434950004542,14.132290027074276,13.342067651871231,13.430475933297027
208,16.388888966532484,16.388889402151108,10.517794327179512,10.530598807118594,13.324253554005296,14.17607752486102,13.338104160802981,13.427093009194058
209,16.388891317370916,16.388889342065777,10.506712598726153,10.57167390301343,13.3059200485267,14.105797565031436,13.332290965462885,13.401276101508447
210,16.388889297001786,16.38888753950596,10.50851178625899,10.612067511124957,13.306066269926246,14.07818128204634,13.32914709834562,13.374857664588959
211,16.388888748723172,16.388889402151108,10.503979673939607,10.69137212189455,13.336548776996711,14.17361123247012,13.319641445583153,13.394928041605217
212,16.388891527669564,16.388889402151108,10.486797681228527,10.587162112877254,13.311406526143752,14.110781552810822,13.315409797454071,13.372957195726134
213,16.388889169320464,16.38888844078587,10.497662122361362,10.496839685665986,13.316476882825937,14.086180411639713,13.301820708288542,13.378992271158964
214,16.3888898452804,16.38888753950596,10.494437827278048,10.599564580667403,13.30606475277173,14.108545492373167,13.298870083094844,13.370977804785776
215,16.388889830259068,16.38888759959129,10.496401592277952,10.482262369365461,13.325362011880403,14.109746372747805,13.290636042403358,13.335451919345124
216,16.388891152136267,16.388889402151108,10.468404011560542,10.50661454698251,13.315051685147468,14.03465327776728,13.285408558834705,13.352510789709708
217,16.388889199363128,16.388889402151108,10.47567951477944,10.57385563129379,13.282138839243881,14.052858260730583,13.27756672136245,13.354266693274822
218,16.38888898906448,16.3888888313405,10.482756143075324,10.497276385825488,13.291441722803057,14.104837431542336,13.274501374502096,13.339599173876547
219,16.388891212221598,16.38888762963395,10.491895872438628,10.621751598533123,13.308838449208247,14.100054804716379,13.260914654951662,13.366962497633311
220,16.388889266959122,16.388889402151108,10.47561333830198,10.476802956433065,13.306577002719765,14.115422498434782,13.263486956636752,13.31624134834255
221,16.388891264796257,16.388891204710927,10.460917368501185,10.500351312540232,13.27941645567696,14.008469849584563,13.251671935581872,13.333475998332423
222,16.388889289491118,16.388889402151108,10.463551588116152,10.512956312947695,13.265321271554116,14.15056947077955,13.245927827102282,13.290328529453086
223,16.38888917683113,16.388889402151108,10.463943892729379,10.533550048186894,13.303880226768314,14.028163101043432,13.236812469849905,13.302204469519278
224,16.388890483687,16.388887719761943,10.472185842152085,10.440026079454729,13.286812497573274,14.121072036364385,13.22451321738622,13.283532878924762
225,16.388889064171142,16.388888981553816,10.439287266513753,10.465858594304132,13.283991634154754,14.097178069454047,13.214484461763453,13.322839543463724
226,16.388891084540273,16.38888753950596,10.455517609032892,10.50112788535414,13.302379137566012,14.061807444499385,13.212663545874097,13.28940995998921
227,16.388889266959122,16.388889402151108,10.439106443476293,10.60506869708338,13.305356170261097,14.10269798831113,13.209289555708247,13.321898907663362
228,16.388889867812395,16.388889402151108,10.463365364909892,10.510474143009032,13.28623312104854,14.063888725133674,13.197629295680072,13.25935497879982
229,16.388890078111043,16.388887569548622,10.44589706561378,10.433219027735532,13.264627387416699,14.050293218104107,13.187394755321645,13.256810650589966
230,16.388891062008277,16.388893127441406,10.456817123227783,10.448863654727898,13.280725677407558,14.242026924846632,13.177005634192497,13.244668983163374
231,16.38888920687379,16.388889402151108,10.459966300385855,10.473161875720947,13.296072130962726,14.123551712761964,13.169288225922614,13.253583873231564
232,16.388889071681806,16.388889402151108,10.45439895167346,10.4336557579377,13.298835800660232,14.04895827234272,13.167050201445818,13.239295251907842
233,16.388891046986945,16.388889402151108,10.447703515960566,10.486329785518109,13.26654003482432,14.093187337200488,13.15848311529525,13.275645057400387
234,16.388889056660474,16.388889402151108,10.453447267683524,10.473480418084128,13.271432392479431,14.040366791549229,13.160058098184246,13.264481143485154
235,16.38889068647498,16.388889402151108,10.446391624188232,10.468742900317716,13.254164274962198,14.167765816373208,13.149508282602314,13.247995967826537
236,16.388889019107147,16.38888753950596,10.449691431506748,10.49717368497964,13.292750095828406,14.14223818949634,13.140080598062806,13.2180325116121
237,16.388890776602974,16.38890607582946,10.443711642085786,10.42828747942563,13.282573887056882,14.078650713687944,13.13290802476507,13.213379789263971
238,16.38888955987509,16.388889402151108,10.433405096973143,10.460761555981252,13.279369172279633,14.062943267485789,13.12580806458549,13.198250123570043
239,16.38888920687379,16.38888753950596,10.44516358524561,10.418125593494024,13.290506385777507,14.090508117430632,13.125496176672318,13.211224378357011
240,16.388891219732262,16.38888753950596,10.423752013593912,10.437252420571543,13.259964604531564,14.105462784608525,13.118251196799738,13.225659938348878
241,16.38888899657515,16.38888753950596,10.45502537125421,10.419466487702824,13.275419838816648,14.023484737281837,13.113276627395422,13.19542889212889
242,16.3888908141563,16.388889402151108,10.447222510382772,10.448158598474919,13.239848573932486,14.123044652684081,13.10437421254333,13.194026575694162
243,16.388889019107147,16.38888871116984,10.423501773226645,10.585654556991594,13.253463548608124,14.02488627260731,13.10188961290424,13.171035315721266
244,16.38889074656031,16.388889402151108,10.42691760531236,10.492497709609808,13.237880174851707,14.108190237874947,13.093699517119076,13.173251502936887
245,16.388889064171142,16.3888888313405,10.4120543579601,10.415707474514361,13.245076703418407,14.165529755935554,13.091088422844487,13.170068452675496
246,16.388889041639143,16.388889402151108,10.420048823429934,10.449142751073646,13.212172626217285,14.105254138309148,13.084421677875422,13.165488088082883
247,16.38889100192295,16.388889342065777,10.406874679780055,10.508690059425371,13.246943205294588,14.142086413959342,13.078532996587455,13.15564720801288
248,16.38888923691646,16.38888753950596,10.414062045334328,10.510028745498389,13.2543372756411,14.132422004495897,13.079525692568671,13.156139066502933
249,16.38889133239225,16.38888753950596,10.420655433629308,10.577146023992569,13.273305086899668,14.107847240783514,13.075066223410108,13.196006973063755
250,16.38888923691646,16.388889402151108,10.407083780474721,10.470295234793616,13.26078764583555,14.0878822984955,13.068289879048544,13.15722796284864
251,16.388890678964316,16.38890054797934,10.412283106556824,10.467768812011327,13.232926180916689,14.091775377070713,13.060581723919077,13.141677940204259
252,16.38888947725777,16.388889402151108,10.419801080359084,10.47872900662403,13.238173620324702,14.014721532622653,13.049895394473307,13.126472807339123
253,16.388889041639143,16.38888886138316,10.43082732752326,10.452752061668903,13.24673747313359,14.122177516260454,13.053661381315079,13.113836126942788
254,16.3888908592203,16.388889402151108,10.387817934726275,10.442950041784394,13.263936413662327,14.085633484947106,13.048456437254867,13.11446155511564
255,16.388889327044446,16.388889011596483,10.4175204704065,10.389532353128157,13.234096849637648,14.157383747759365,13.044627879055279,13.11521505516383
256,16.38889096436962,16.388889402151108,10.416510623819645,10.552669830259777,13.262890395708382,14.096796482561095,13.038371471808322,13.116611077660513
257,16.38888912425647,16.388889402151108,10.389142245384715,10.40626557603959,13.192416814666602,14.066442126227964,13.033149700101104,13.093343560373592
258,16.38889092681629,16.388889402151108,10.394593486712584,10.406229554885817,13.226460380059097,14.131605910557893,13.027759126177239,13.102005250872143
259,16.388888966532484,16.388888260529885,10.413449644411525,10.409363019730776,13.203287361970833,14.087417328189458,13.022383468435896,13.08953994885087
260,16.38889070900698,16.388889131767137,10.398044618928143,10.394018038266127,13.229627102132767,14.086109586060047,13.02658244892354,13.110316073101375
261,16.388888944000485,16.388889402151108,10.38917314801966,10.436337711589953,13.223692158898038,14.074584288943198,13.01928078605523,13.079423262106797
262,16.388889725109742,16.38888862104185,10.405332567320475,10.391824653432254,13.236611878739732,14.11778736679304,13.015509586811305,13.104291587707497
263,16.388889604939088,16.388887719761943,10.39428177530006,10.411529170890008,13.227436387340628,14.071385060707408,13.005579724126765,13.11311474250209
264,16.388889695067082,16.38888753950596,10.385324705332037,10.51913969398987,13.217172510321102,14.175998347420846,13.007599473630467,13.109617716362399
265,16.388890941837623,16.38888753950596,10.414449321556717,10.401778238555115,13.217108898736056,14.18995803161975,12.998906407325018,13.084426567318939
266,16.388889357087113,16.388889402151108,10.38720553380347,10.66732487731403,13.216125643661908,14.078742854537504,13.001294416044988,13.075758597903674
267,16.388890806645634,16.388889402151108,10.391968512727368,10.38431582011042,13.189413021468827,14.086218280417302,12.989863441626152,13.113628517115307
268,16.388889154299132,16.38888753950596,10.381864237358732,10.442047875614898,13.218022124361127,14.074912535086755,12.992055557157483,13.084332563824232
269,16.388890971880283,16.388889402151108,10.39441132677659,10.412557861737668,13.219827057553394,14.073799259119456,12.982518768929426,13.080670408183527
270,16.388889079192474,16.388889402151108,10.368555754182799,10.400387413439251,13.218355920886802,14.122771339551095,12.97596423330927,13.050139896691807
271,16.388890468665668,16.388890273388352,10.38270391478774,10.425077811364204,13.193378255011575,14.061181866113216,12.967803267641894,13.07703607204941
272,16.388889019107147,16.388889402151108,10.385274902106293,10.38194588956333,13.204700328529842,14.139089538084885,12.97079252019044,13.083871168595168
273,16.38889144505224,16.388889402151108,10.365828312182378,10.377765227589876,13.201755569166234,14.096134161997226,12.967560541695885,13.021148666138611
274,16.38888919185246,16.388889402151108,10.369672203406452,10.42877338946827,13.218005503257436,14.064530842006207,12.959380476405062,13.039108681222123
275,16.388888974043148,16.388888110316568,10.38353741844936,10.447998305842761,13.177294719723923,14.094856252232868,12.955152508502284,13.051568680713254
276,16.38888978519507,16.388889402151108,10.377300193443174,10.367529631982888,13.197865851614024,14.038248918950558,12.952236973139788,13.043519545106156
277,16.38888986030173,16.38888753950596,10.374959100097898,10.615722832059669,13.203365867206406,14.10328759060752,12.954266745627166,13.02933051521259
278,16.388889792705733,16.388888020188578,10.366777382460572,10.392348176889842,13.176013786916531,14.073703753491563,12.947636134471864,13.009116639413179
279,16.38889088926296,16.388889402151108,10.351162017022649,10.402711949521494,13.210453859139834,14.165110555627653,12.94424661224888,13.009976640704178
280,16.388888891425825,16.388889402151108,10.365271388793426,10.41616542985843,13.175312399623854,14.091771516588427,12.939866553361139,13.047604716473048
281,16.388890476176336,16.388889402151108,10.36982982224154,10.559680060513557,13.185484571412445,14.193519228889096,12.93345908784578,12.978319183833177
282,16.388888793787167,16.388887569548622,10.364498165736517,10.364803200167033,13.206763549767915,14.071193538726337,12.930490778789164,12.998472027961284
283,16.3888898227484,16.388888080273908,10.366747662755511,10.368343067145156,13.178788523580279,14.121332941877267,12.925624640868795,13.033292256295681
284,16.388889972961717,16.388889402151108,10.347796277323317,10.354396466526293,13.158146318258536,14.125728589152136,12.918674811390378,13.006108572646495
285,16.38889112960427,16.388889402151108,10.341508742121437,10.525826184499648,13.188744091518943,14.105906259388693,12.923071288593833,13.00000316733795
286,16.388889004085815,16.388889402151108,10.358113900668199,10.439486573300055,13.201062466138072,14.055495721197898,12.919517894906381,13.018520473833046
287,16.388890829177633,16.38888753950596,10.354662028652045,10.3818797506392,13.168667788587271,14.019194704991195,12.91706853531181,12.983120902771912
288,16.388889131767137,16.388889372108444,10.348320446698176,10.405416870790145,13.171572414707512,14.03873191485482,12.916952578140604,13.003809933340358
289,16.388889071681806,16.388902440667152,10.341201184107172,10.363004500827483,13.197900896381226,14.224869664758444,12.905275452912093,12.987718121298858
290,16.388891602776223,16.388889402151108,10.3700568433851,10.427622710384668,13.201032881624997,14.088395622468765,12.910928269247375,13.012086356719655
291,16.388889131767137,16.388889402151108,10.332877804044514,10.446891999773442,13.202964211814106,14.090920678309857,12.904300219229153,12.985705608321775
292,16.388891122093604,16.388889402151108,10.350456904439676,10.398774167462703,13.16910670439322,14.190401251037274,12.906842707325854,12.975335241325439
293,16.388889244427126,16.388889402151108,10.342573348973547,10.365286556583259,13.205074397246204,14.066484155914477,12.897194659848127,12.993949615666944
294,16.388889131767137,16.388889402151108,10.347244179537219,10.348414972184164,13.168681153817284,14.076250394986522,12.903392333687552,12.991162587798412
295,16.38889064141099,16.38888753950596,10.34139350221883,10.370483591912253,13.1817634870869,14.124075431496866,12.90351131014646,12.98166632712368
296,16.388890138196366,16.388889402151108,10.345855078119184,10.368575266892872,13.170910218069631,14.069769892000382,12.891822855078404,12.994677068725709
297,16.388888868893826,16.388889041639143,10.34188206352654,10.33545998976596,13.142326366036169,14.143611740080578,12.890431556790586,12.985414795337183
298,16.38889106951894,16.388889402151108,10.33705905184991,10.338263691312845,13.163527943223954,14.092678985288066,12.88546189560645,12.985103823725254
299,16.388889357087113,16.388889402151108,10.33893179884481,10.378301714456851,13.164292641675038,14.100114349275827,12.891968073804051,12.965771594956037
